id,title,author,episode,view,synopsis,recommend,tag,img
https://novel.munpia.com/477135,마도서를 줍다 마법사가 되다,글 방구석와룡,45 회,"1,798,550","흥미로 낡은 고서점에서 마도서를 샀다. 진짜였다.

솔로몬의 마법진? 펜타그램? 악마 소환?

아니, 파이어볼, 체인 라이트닝 어디 있는데?","68,296",#판타지 #현대판타지,https://cdn1.munpia.com/v2/files/cover/2025/0805/11/E3VXxyw-8AA
https://novel.munpia.com/488722,블랙 게이트의 민속학자,글 경우勁雨,99 회,"2,488,793","때는 바야흐로 게이트의 시대.
아무도 클리어할 수 없던 블랙 게이트가 내게만 쉽다?","67,682",#현대판타지 #퓨전 #게이트 #게임시스템 #사이다 #이능력 #동양판타지 #나혼자 #대한민국 #랭커,https://cdn1.munpia.com/v2/files/cover/2025/0721/11/E2IFTS3ggAA
https://novel.munpia.com/491034,회귀한 줄 모르고 구단이 방출함,글 산천(山川),82 회,"2,745,815","첫 번째 삶은 나태한 천재.
두 번째 삶은 아시아 올타임 레전드.
세 번째 삶은..... 인종 차별 당하고 방출?","78,220",#스포츠 #축구,https://cdn1.munpia.com/v2/files/tcover/2025/0701/18/E0iiOO50oAA
https://novel.munpia.com/478513,축구 천재인 거 나만 모름,글 시작의바다,91 회,"2,976,198","만약 과거로 돌아간다면 노력하지 않을 것이다.

재능이 없으면 보답받지 못하니까.","80,025",#스포츠,https://cdn1.munpia.com/v2/files/cover/2025/0724/18/E2Y8XACsQAA
https://novel.munpia.com/480433,회귀한 마취과 의사는 모든 것이 쉽다,글 자몽라임,103 회,"3,091,218","세계 최고 권위의 의학저널 1저자로 명성을 떨치려는 순간.
와이프에게 모든 걸 뺏겼다.

그리고, 레지던트 1년차로 다시 눈을 뜨게 되었다.","83,303",#현대판타지 #복수 #사이다 #이혼 #의사 #메디컬,https://cdn1.munpia.com/v2/files/cover/2025/0811/16/E31V39psQAA
https://novel.munpia.com/424385,퓨전펑크에서 살아가는 법,글 오동냐무,292 회,"6,102,043",미친 세상에 떨어졌다.,"273,656",#퓨전 #좀비 #디스토피아 #마법 #사이버펑크 #초능력,https://cdn1.munpia.com/v2/files/cover/2025/0328/10/Es3fjMxJUAA
https://novel.munpia.com/483667,심해의 마법사,글 상한김밥,88 회,"2,987,522",이 세상이 바닷속이라는 것은 오직 나만이 알고 있다.,"104,588",#판타지 #마법 #전생 #정통,https://cdn1.munpia.com/v2/files/cover/2025/0717/15/E10PmCy5MAA
https://novel.munpia.com/476343,9급부터 북부대공까지,글 이디즈,107 회,"2,231,872","일 잘 하는 9급 하나, 열 영주 안 부럽다.","72,881",#판타지 #퓨전 #경영 #영지 #힐링 #공무원,https://cdn1.munpia.com/v2/files/cover/2025/0729/10/E2xBzPW_AAA
https://novel.munpia.com/417725,대영제국 선비의 공정무역,글 명원(命元),226 회,"3,764,843",살려만 드려도 대영제국 기준으론 공정무역이라니까요?,"207,458",#현대판타지 #대체역사 #경영 #재벌 #정치 #환생 #사업가 #검은머리 #노력가 #세계사,https://cdn1.munpia.com/v2/files/cover/2025/0401/14/EtNEKIRAMAA
https://novel.munpia.com/453976,계속 써도 돈이 쌓임,글 운좋은놈,196 회,"6,550,170",내겐 남들이 모르는 특별한 능력이 하나 있다.,"213,973",#현대판타지 #착각 #투자,https://cdn1.munpia.com/v2/files/cover/2025/0318/11/EsEU7-3MoAA
https://novel.munpia.com/492231,회귀한 줄 모르고 아내가 이혼하자 함,글 배추나무,53 회,"1,821,480","천재 음악가 백건우.
회귀하자마자 쓰레기 같은 아내가 이혼하자고 한다.
오히려 좋아.
바로 이혼해야지.","37,179",#판타지 #현대판타지 #이혼 #회귀 #작곡가,https://cdn1.munpia.com/v2/files/cover/2025/0818/14/E4YxW1R5MAA
https://novel.munpia.com/451701,국정원 말단직원,글 삼둘,246 회,"4,370,260","특전사 중사 출신인 나는 특전사령부 인사계의 추천으로 운좋게 국정원에 입사할 수 있었다.
국정원에 입사한 내게 주어진 첫 임무는 압록강 철교를 24시간 감시하는 임무였다.
이제 중국 단둥에 위치한 4층 상가건물 꼭대기 층이 내 일터가 됐다.

대한민국 공무원으로 따박따박 나오는 월급이나 받으며 꿀 빨려는 내게 자꾸 사건이 터진다.
조용히 공무원 생활을 하고 싶었는데 ... 그게 쉽지 않다.","153,764",#전쟁_밀리터리 #드라마 #격투 #군대,https://cdn1.munpia.com/v2/files/cover/2025/0321/11/EsTw7_jO0AA
https://novel.munpia.com/489311,전장의 중기병으로 사는 법,글 글럼프,63 회,"1,544,289",중기병은 한때 전장의 꽃이었다.,"48,061",#전쟁 #중세 #영웅,https://cdn1.munpia.com/v2/files/cover/2025/0817/19/E4Urmk1kMAA
https://novel.munpia.com/476663,백수가 너무 유능하다.,글 시하,92 회,"2,567,053","그냥 가벼운 취미 생활일 뿐인데.
자꾸만 거물들이 찾아온다.","62,853",#천재 #연예계 #음악 #만능 #예술,https://cdn1.munpia.com/v2/files/cover/2025/0724/19/E2ZPk1LkMAA
https://novel.munpia.com/444245,FA 거품 포수가 너무 잘한다,글 강라원,219 회,"4,408,327",FA 거품 포수가 미친듯이 잘하기 시작한다.,"150,250",#현대판타지 #스포츠 #운동선수 #야구 #성장,https://cdn1.munpia.com/v2/files/cover/2025/0116/16/EnLNC-wQEAA
https://novel.munpia.com/433967,K-문화의 제왕,글 고별,310 회,"4,042,499","1998년으로 돌아왔다.
모든 게 끝난 것 같은 IMF 사태가 한창인 지금,
오직 나만이 미래의 한국 문화가 얼마나 찬란하게 피어날지 안다.","160,372",#현대판타지 #재벌 #회귀 #사업가,https://cdn1.munpia.com/files/attach/2024/1203/000/0YUBtvKCWHZttQZI.jpg
https://novel.munpia.com/466794,7회차 용사의 스트리밍,글 멍멍킴,112 회,"2,686,550","일곱번이나 중세 판타지에 끌려가 마왕을 잡고 돌아왔더니.
내가 사는 세계에 게이트가 열렸다.

""난 이 게임을 해봤어요!""","96,347",#현대판타지 #게이트,https://cdn1.munpia.com/v2/files/cover/2025/0604/11/EyV6uC5oAAA
https://novel.munpia.com/483391,고인물 스트라이커가 겸손을 숨김.,글 홀본,91 회,"2,075,251","무한 회귀 끝에 마침내 깨달았다. 회귀를 끝낼 답은 네거티브라는 것을.

지금부터,

메시는 약물 난쟁이다.","58,031",#스포츠 #축구 #회귀 #운동선수 #깽판 #코믹,https://cdn1.munpia.com/v2/files/cover/2025/0822/02/E4q6HK7-8AA
https://novel.munpia.com/491667,공익이 투자의 신이다,글 소보로설,53 회,"1,609,785","""저 공익이 엄청 부자래.""
""엥? 엄청 싸가지 없던대.""
""동장님이 쟤만 보면 입을 헤벌 웃잖아.""
""진짜..?""

지나가는 나를 보고서 수군거린다.

사실이었다.","36,574",#현대판타지 #가상화폐 #재벌 #주식 #착각 #투자 #투자가 #각성 #나혼자 #전설,https://cdn1.munpia.com/v2/files/tcover/2025/0705/17/E02_9MkTsAA
https://novel.munpia.com/484867,가문을 살릴 막내 수사가 되었다,글 태양물고기,109 회,"1,861,470","작은 가문에 천재가 나타났다.

[가문 수선자를 위한 시스템이 가동됩니다.]","57,118",#무협 #선협 #시스템 #천재 #환생 #동양판타지 #가족 #성장,https://cdn1.munpia.com/v2/files/cover/2025/0806/12/E3anBDpsQAA
https://novel.munpia.com/465788,AI 의서를 읽고 신의가 되었다,글 글술술,156 회,"2,286,767","고의서를 읽은 후, 환자와 통증을 공유하기 시작했다.
강남에서 명의로 이름나며 신이 나던 것도 잠시.
""사표 내겠습니다.""
내가 아파 뒤지겠는데 무슨 진료야!","82,681",#현대판타지 #천재 #한의사,https://cdn1.munpia.com/v2/files/cover/2025/0614/10/EzJQjpHqEAA
https://novel.munpia.com/468661,돈 되는 재능이 너무 많음,글 김형석™,135 회,"3,792,907","“이번엔 어떤 부업을 시작해볼까?”

퇴근 후, 돈 되는 재능이 쏟아지기 시작했다.","105,884",#판타지 #현대판타지 #드라마 #사이다 #시스템 #천재 #바둑,https://cdn1.munpia.com/v2/files/cover/2025/0702/11/E0mQ-4J0oAA
https://novel.munpia.com/467106,무한전생-당가는 못말려,글 광악,121 회,"1,658,455","독을 빨고 어리둥절 빙글빙글 돌아가는 당가의 하루
우리의 당가는 정말 못말려 (당가야~)
지독한 극독은, 우리에게 맡기세요
이 세상 누구보다, 자신이 있다구요
이리 모여 모두 모여 극독을 빨아보렴
그런 눈으로 바라보면 부끄럽죠
약독일체 우린 인기만점 당가야!
독을 맞고 어리둥절 빙글빙글 모두가 넋을 놓았네
당가는 대단하네 당가는 독하다네
다음엔 무슨 약빨까?

ps-소개글은 문제가 되면 삭제 하겠습니다","58,514",#퓨전 #무협 #전생,https://cdn1.munpia.com/v2/files/cover/2025/0728/06/E2q96YYcIAA
https://novel.munpia.com/223890,약먹는 천재마법사,글 글근육,"1,462 회","27,338,540","천재적인 재능을 가졌지만 약 없이는 뛰는것조차 힘들다.
세번째 부캐로 만들었던 게임 캐릭터.
그 세상 속에 들어오고 말았다.","1,055,277",#퓨전 #무협 #전생,https://cdn1.munpia.com/v2/files/cover/2024/1106/15/EhdSFF0vkAA
https://novel.munpia.com/442239,고려에서 치트 없이 문명합니다,글 긴목숨 그림/삽화 서비,317 회,"2,882,535","1348년. 시골 어촌, 부산(釜山)에서 문명을 시작한다.
근데 상태창도, 이능력도, 치트키도 없네?
게다가 대 왜구시대 시작까지 겨우 2년 남았다고?","118,510",#판타지 #대체역사 #전쟁_밀리터리 #경영 #재벌 #영지 #정치 #고려 #세계사 #한국사,https://cdn1.munpia.com/v2/files/cover/2025/0205/18/EoytYyoNsAA
https://novel.munpia.com/434081,전쟁을 딛고 재벌로,글 푸달,357 회,"3,158,288","일제강점기로 회귀했다.
이왕이면 크게 놀아보자.
전쟁, 자원과 영토를 두고 벌이는 그 지독한 게임속에서 말이다.","119,276",#현대판타지 #대체역사 #전쟁_밀리터리 #경영 #재벌 #사이다 #회귀 #먼치킨 #독립군 #한국사,https://cdn1.munpia.com/v2/files/cover/2024/1217/11/EkvqszOV4AA
https://novel.munpia.com/437622,선협에서 상태창 개발하기,글 재미혼,266 회,"2,548,265","초월자들로 가득한 험악한 세상에 전생했는데 상태창이 없다고?

상관없다. 없으면 만들면 그만이지.","98,386",#퓨전 #선협 #이세계 #각성,https://cdn1.munpia.com/v2/files/cover/2024/1212/10/EkVoDTJV4AA
https://novel.munpia.com/460815,미래를 보는 정치인,글 영완(映完),182 회,"2,657,563",모든 것을 잃은 스물여섯 청년에게 꿈속에서 미래가 보이기 시작했다.,"96,165",#현대판타지 #드라마 #정치 #정치인,https://cdn1.munpia.com/v2/files/cover/2025/0519/19/ExFXpzp1AAA
https://novel.munpia.com/463728,싸움이 너무 쉽다,글 블루티풀,188 회,"3,119,110",숨겨진 재능(?)을 발견했다.,"105,104",#현대판타지 #스포츠 #격투 #천재 #착각,https://cdn1.munpia.com/v2/files/cover/2025/0521/08/ExNVg_CoAAA
https://novel.munpia.com/414764,경제왕 연산군,글 라구.B.P,234 회,"2,811,535","젊음의 치기로 복수전공이라는 잘못된 선택을 한 사학과&경제학과 학부생 박경식. 이제 4학년이니 이 고생도 곧 끝이다!

급한 마음에 사학과 졸업논문을 날림으로 썼는데, 교수가 갑자기 부른다. 교수를 따라갔더니 대학원 오라는 권유가 아니라 자기가 산신령이라고 커밍아웃해오는데?!

정신을 차리니 조선의 왕으로 즉위해 있다.

조선의 파이어족이 되기 위해 조선의 경제부터 정치까지 모든 걸 뜯어고치기 위한 박경식의 분투가 시작된다.","135,255",#대체역사 #경영 #정치 #군주 #조선 #한국사,https://cdn1.munpia.com/files/attach/2024/0703/003/PTOTmICMCI3t5hwc.png
https://novel.munpia.com/415466,폴란드 여왕 키우기,글 마늘맛스낵,374 회,"2,849,075",남부 대공으로 폴란드 여왕 키우기,"180,579",#판타지 #대체역사 #경영 #영지 #전쟁 #중세 #로맨스 #세계사,https://cdn1.munpia.com/v2/files/cover/2024/0805/10/EZ9agZcksAA
https://novel.munpia.com/481470,대우주시대의 전생자는 타이탄에 오른다,글 허브캣,93 회,"1,503,174","멋진 기갑 로봇이 우주를 누비는 만화를 그려내고 싶었으나, 병마에 스러진 한 남자.

머나먼 미래, 대우주시대에 전생한 그는 기갑에 오른다.","40,372",#퓨전 #SF #기갑물,https://cdn1.munpia.com/v2/files/tcover/2025/0514/20/EwrsgAQEMAA
https://novel.munpia.com/464413,육상 천재는 미식축구가 쉽다,글 짜빈동귀신 그림/삽화 12:30 연재,150 회,"2,073,364",내 눈에는 길이 보인다.,"52,433",#스포츠 #이능력 #검은머리 #먼치킨,https://cdn1.munpia.com/v2/files/cover/2025/0611/15/Ey6y9yLk4AA
https://novel.munpia.com/491780,헬 난이도에서 캠핑합니다,글 흑전,51 회,"1,370,513",캠핑만 하는데 등반이 너무 쉽다,"33,001",#현대판타지 #퓨전 #드라마 #요리 #힐링 #헌터 #탑등반물,https://cdn1.munpia.com/v2/files/tcover/2025/0706/13/E07PD-CJoAA
https://novel.munpia.com/400210,하남자의 탑 공략법,글 꾸찌꾸찌,383 회,"11,431,580","보신주의, 안전 제일주의, 하남자 소시민이 탑을 올라갑니다.","378,287",#현대판타지 #시스템 #이능력 #각성,https://cdn1.munpia.com/v2/files/cover/2024/0507/17/ESvZtpJlwAA
https://novel.munpia.com/482006,역대급 힐 스킬을 각성했다,글 도얀,102 회,"1,986,314","얼떨결에 드래곤을 고쳐줬더니 거물들이 몰려오기 시작했다.
그런데 그 거물들이 조금, 아니 많이 귀엽다.","55,353",#현대판타지 #게이트 #힐링 #동물 #이종족 #드래곤 #구원자 #하남자,https://cdn1.munpia.com/v2/files/cover/2025/0819/01/E4bNPjVggAA
https://novel.munpia.com/463436,무당파 둔재의 엘프환생,글 처량한날,149 회,"3,946,297",느릴지언정 막힘도 끝남도 없는 것이 정종의 무공 아닐런가.,"148,184",#현대판타지 #게이트 #힐링 #동물 #이종족 #드래곤 #구원자 #하남자,https://cdn1.munpia.com/v2/files/cover/2025/0521/15/ExO0b-qpkAA
https://novel.munpia.com/463152,선협의 뱀이 되었다,글 판다공자,173 회,"1,742,551","뜻하지 않게 얻은 두 번째 삶. 손도 발도 없는 뱀이 되었지만, 그래도 괜찮다.

수백, 수천 년. 그보다 더 오랜 시간이 걸리더라도, 반드시 용문(龍門)을 오르고야 말리라.","79,411",#판타지 #퓨전 #무협 #선협 #환생 #불멸 #성장,https://cdn1.munpia.com/v2/files/cover/2025/0605/20/Eyc9lykoAAA
https://novel.munpia.com/492064,나 혼자만 각성했다,글 뺘삐,65 회,"2,356,530",이 세상에서 오직 나만이 각성자다.,"59,206",#현대판타지 #퓨전 #게임시스템 #복수 #사이다 #아포칼립스 #능력자 #먼치킨 #다크히어로,https://cdn1.munpia.com/v2/files/tcover/2025/0710/21/E1RktYq5MAA
https://novel.munpia.com/489988,세계 1위 축구 천재로 착각당했다,글 강로,57 회,"898,382","난데없이 나보고 세계 최고의 축구 천재라는데…
그게 착각이 아니었다?","17,965",#현대판타지 #스포츠 #천재 #착각 #축구 #운동선수,https://cdn1.munpia.com/v2/files/tcover/2025/0625/18/E0Dt7UvqEAA
https://novel.munpia.com/462341,헬 난이도에서 쉴게요,글 개벽S,165 회,"2,297,845","야근의 연속으로 과로사 하기 직전, 탑에 들어와버렸다.
그런데 난이도의 상태가...?

'뭐가 됐든 일단 좀 쉬자.'

헬 난이도에서 힐링을 찾는 이서준의 생존기","69,714",#판타지 #농사 #힐링 #각성,https://cdn1.munpia.com/v2/files/cover/2025/0530/10/Ex79PD47kAA
https://novel.munpia.com/414226,1588 샤인머스캣으로 귀농 왔더니 신대륙,글 간다왼쪽,503 회,"5,436,188","천사는 존재하며, 그는 샤인머스캣 농사를 짓는다.

본격 샤인머스캣 농사짓다가 16세기 아메리카로 트립한 이야기.","322,838",#대체역사 #농사 #영지 #착각 #트립퍼 #농부 #검은머리 #불멸 #세계사,https://cdn1.munpia.com/v2/files/cover/2025/0207/10/Eo7TwsCNsAA
https://novel.munpia.com/453239,섬유 공장의 천재 상속자,글 영완(映完),226 회,"3,341,655","【품질적합도=98.5%】
【시장경쟁력=95.7%】
【예상수요=현재주문량의3배】

갑작스럽게 돌아가신 아버지.
승현은 대학 졸업을 앞두고 자그만 섬유공장을 물려받게 된다.
막대한 빚은 물론이고 당장 대금 결제와 직원들 월급을 처리해야 하는데,

원단을 만지면 품질과 시장성까지 다양한 정보가 물밀듯이 밀려들어 온다!","100,933",#판타지 #현대판타지 #드라마 #경영 #이능력,https://cdn1.munpia.com/v2/files/cover/2025/0306/19/ErIGx6kMoAA
https://novel.munpia.com/488557,암흑가 보스가 너무 강함,글 포더엠,76 회,"1,821,582","누군가 평생을 익혀야 할 기술, 나는 한번이면 모든 숙련도가 완성된다.","37,851",#암흑가 #영지 #중세 #환생 #기사,https://cdn1.munpia.com/v2/files/tcover/2025/0726/14/E2id6OKTkAA
https://novel.munpia.com/490498,"킬러, 재벌3세 신입사원이 되다",글 하루c,51 회,"723,422","회귀X 빙의X 전생X 시스템X
가문에서 배제된 무늬만 재벌 3세 박민우.
계열사 혜성물산에 입사했지만, 존재감이라고는 일도 없다. 그런 그가 이탈리아 출장 이후 존재감 넘치는 역대급 또라이로 돌변했다.","15,439",#현대판타지 #드라마,https://cdn1.munpia.com/v2/files/tcover/2025/0628/22/E0T5j4mgsAA
https://novel.munpia.com/489799,망나니 함장이 유능하다,글 고양이앞발,64 회,"1,095,386",은하 제국 최고의 망나니로 살어리랏다.,"27,952",#SF #천재 #영지 #우주 #전쟁 #군인 #고인물 #망나니 #외계인,https://cdn1.munpia.com/v2/files/tcover/2025/0801/19/E3Cb2ikkMAA
https://novel.munpia.com/488890,천재 개발자는 돈을 복사함,글 언행일치,94 회,"1,159,464","세계 최초의 풀다이브 전용 게임을 만들던 중, 갑자기 회귀했다.
대학생이던 2010년으로.","27,467",#현대판타지 #대체역사 #가상화폐 #인공지능 #초능력 #투자 #회귀 #개발자 #사업가 #기업,https://cdn1.munpia.com/v2/files/tcover/2025/0727/20/E2oxgmEggAA
https://novel.munpia.com/487630,검은머리 미국 IT 재벌은 인맥왕,글 돈많을한량,66 회,"665,355","94년 미국 시애틀 창업 맛집 내 차고에 아마존, 구글, 페이스북, 테슬라, 엔비디아 대표가 찾아온다.
미국 빅 테크 전부 먹고 국가 권력급 재벌이 되었다!","14,024",#현대판타지 #가상화폐 #경영 #재벌 #주식 #회귀 #개발자 #기업,https://cdn1.munpia.com/v2/files/cover/2025/0811/15/E31FlahTkAA
https://novel.munpia.com/471940,시간 여행자의 투자법,글 해달벗,130 회,"1,715,546","돈 버는 게 너무 쉬운 월스트리트의 시간 여행자.
근데, 시간 여행이 고작 10초라고?","35,307",#현대판타지 #재벌 #이능력 #주식 #투자 #투자가 #검은머리 #상태창 #아티팩트 #현질,https://cdn1.munpia.com/v2/files/cover/2025/0719/00/E17TuCqR8AA
https://novel.munpia.com/489766,우주대스타의 치트키 사용법,글 쾌조,62 회,"1,368,110",이제부터 하고 싶은 건 다하고 살 거임,"30,322",#현대판타지,https://cdn1.munpia.com/v2/files/tcover/2025/0724/14/E2YFjjtR8AA
https://novel.munpia.com/463540,늦깎이 천재 마법사,글 05林,155 회,"2,702,415","뒤늦게 헌터로 발굴 되었지만
그 재능에 시간은 의미가 없었다.","82,476",#현대판타지 #던전 #마법 #성장,https://cdn1.munpia.com/v2/files/cover/2025/0610/21/Ey3Hj3Uk4AA
https://novel.munpia.com/477282,내 뚝배기에 날아든 AI,글 글쥐어짜기,121 회,"2,022,108",어느날 갑자기 내 뚝배기에 600년 후의 미래에서 온 AI가 박혀버렸다!!!,"44,135",#현대판타지 #던전 #마법 #성장,https://cdn1.munpia.com/v2/files/cover/2025/0718/10/E14U-uIkMAA
https://novel.munpia.com/463070,선협에서 각성을 숨김,글 길마,167 회,"1,433,604",인생의 기로에서 전생의 능력을 각성했다.,"43,704",#선협 #각성 #성장,https://cdn1.munpia.com/v2/files/cover/2025/0612/16/EzAUzRwoAAA
https://novel.munpia.com/418893,A급 헌터가 살아가는 법,글 검미성,241 회,"3,583,062","A급 헌터, 김극은 매일 밤 꿈을 꾼다. 자신이 서울에 핵폭탄 한 발을 터뜨리는 꿈을.","185,983",#헌터,https://cdn1.munpia.com/v2/files/cover/2024/0719/16/EYnC9WiuYAA
https://novel.munpia.com/471922,"슈팅연습만 100,000,000번",글 살락,116 회,"2,251,780",시간이 멈춘 축구장에 갇혔다. 나가는 조건은... 슈팅 1억 번?,"45,016",#현대판타지 #스포츠 #축구 #운동선수 #성장,https://cdn1.munpia.com/v2/files/cover/2025/0725/11/E2cri4CR8AA
https://novel.munpia.com/475625,물리학도는 마법이 너무 쉽다,글 흠박,105 회,"1,870,085","검술명가 막내아들 시엘이 쓰는 마법은 궤가 다르다.

""이 세계 사람들은 알까? 냉기의 반물질이면 태양조차 얼릴 수 있다는 것을.""","38,310",#판타지 #퓨전 #마법 #빙의 #마법사,https://cdn1.munpia.com/v2/files/cover/2025/0730/17/E23mGWd-8AA
https://novel.munpia.com/475738,내 이란에 쿠데타는 없다,글 북콜랙터 그림/삽화 불콜랙터,99 회,"889,314","실패하면 쿠데타.
성공하면 혁명.","20,349",#현대판타지 #게임 #대체역사 #전쟁_밀리터리 #재벌 #각성자 #첩보,https://cdn1.munpia.com/v2/files/cover/2025/0807/12/E3fr0uHsQAA
https://novel.munpia.com/466666,요마수선전(妖魔修仙傳),글 루도스,159 회,"981,307","선협 세계의 요마가 되었다.
살기 위해서는 다른 이들을 먹어야 한다.

[무한진화] [선협] [인외]","31,458",#퓨전 #생존 #선협 #시스템 #환생 #동물 #몬스터 #이종족 #동양판타지 #성장,https://cdn1.munpia.com/v2/files/cover/2025/0704/15/E0xYDB_sQAA
https://novel.munpia.com/345929,퓨전펑크의 전생자,글 쫄면에삼겹,401 회,"6,666,887","“개같은 세상에 떨어졌군.”

이번 생도 편히 살기는 글렀다.","254,197",#판타지 #퓨전 #사이버펑크 #아포칼립스,https://cdn1.munpia.com/files/attach/2023/0426/003/UMRaKBMajqxLUG5h.jpg
https://novel.munpia.com/346981,회귀수선전(回歸修仙傳),글 엄청난 그림/삽화 세릴 c.seryl,820 회,"16,958,372","회사 워크샵을 가던 중 차채로 선협 세상에 떨어졌다.
그리고 각자 영근과 특이능력을 가진 이들은 전부 수도 문파에 불려가서 떵떵거리며 살지만...
나는 어떤 영근도 특이능력도 없었기에, 50년을 범인으로 살다가, 그렇게 운명에 순응하고 죽을 뿐이다.

그런 줄 알았다.
회귀하기 전까지는.","702,676",#퓨전 #무협 #선협 #회귀 #동양판타지 #신화,https://cdn1.munpia.com/v2/files/cover/2025/0530/16/Ex9UlbghcAA
https://novel.munpia.com/452801,마법사의 경제학,글 잔영JY,171 회,"2,034,607","이세계에 끌려갔던 할아버지와 접촉하여 입문한 마법.
하지만 제대로 써먹기엔 너무 미약하기만 하다.

그런데, 물리학과 접목한다면?

작은 마법의 불빛에서 시작하여, 세상을 뒤바꾸는 이야기.","48,992",#현대판타지 #대체역사 #가상화폐 #경영 #마법 #복수 #마나,https://cdn1.munpia.com/v2/files/cover/2025/0618/12/EzeSE1UqEAA
https://novel.munpia.com/488116,배신당한 축구천재가 협회에 복수함,글 치킨순애보,72 회,"1,124,398","월드베스트와 득점왕, 발롱도르까지 수상한 아시아 역대 최고의 공격수 서이건.
마지막 꿈인 월드컵 우승을 앞두고 축구협회에 배신당해 모든 걸 잃었다.

다시 얻은 삶에서 그는 자신을 버린 조국에 복수한다!","19,806",#현대판타지 #스포츠 #사이다 #천재 #축구 #운동선수 #노력가,https://cdn1.munpia.com/v2/files/cover/2025/0821/09/E4nLKlbcIAA
https://novel.munpia.com/471279,나 홀로 힐링하며 산다,글 zaksalking 그림/삽화 zaksalking,131 회,"1,275,519","어느 날 15세가 되던 날 전혀 다른 세상의 전생을 깨달았다.

당연하게 찾아 온 낯선 거리감 때문일까? 이방인이라는 사실을 깨달았고, 2년이 지나 성년이 되자 마을을 떠나 세상을 구경하기로 결심했다.","39,660",#판타지 #퓨전 #생존 #이세계 #해양 #정령,https://cdn1.munpia.com/v2/files/cover/2025/0729/11/E2xMSva-8AA
https://novel.munpia.com/476222,죄수 부대의 불사자는 착각당한다,글 풀드로우,105 회,"3,055,925","생존률 극악의 형벌 부대, 141
그냥 불사라 죽지 않는 것 뿐인데
멋대로 오해들을 사기 시작했다","88,044",#게임시스템 #사이버펑크 #착각 #경찰 #범죄,https://cdn1.munpia.com/v2/files/cover/2025/0820/11/E4ikG8msQAA
https://novel.munpia.com/478275,선협 속 거미는 회귀를 반복한다,글 콜벳,105 회,"1,240,117","회귀를 반복하며 거미요괴는 더 높은 곳을 향해 기어오른다.

꼭두각시 탈을 쓰고서.","58,302",#판타지 #퓨전 #무협 #선협 #회귀 #동물 #이종족 #동양판타지 #타임루프 #무공,https://cdn1.munpia.com/v2/files/cover/2025/0802/11/E3FxFylR8AA
https://novel.munpia.com/443800,금주법 시대 마피아로 살아가는 법,글 노오력. 그림/삽화 연재 밤 10시 정각,228 회,"1,399,932","공공의 적.
위스키가 금, 총알이 은이 되는 광란의 금주법 시대.
대한민국 특전사, 용병, 마피아 전술 교관, 녹스의 범죄 역사 새로 쓰기.","73,289",#대체역사 #암흑가 #용병 #청부업자 #총잡이 #검은머리 #마피아 #범죄 #타임루프 #계략,https://cdn1.munpia.com/v2/files/cover/2025/0305/15/ErCSB-rO0AA
https://novel.munpia.com/471826,"삼국지, 아빠가 동탁",글 신지님,73 회,"646,831","영업사원 김준, 동탁의 아들 동유로 태어났다.
아직 동탁은 역적이 아니니, 옆에서 잘만 보좌하면 꿀 빨며 살 것이다.","16,617",#판타지 #대체역사 #빙의 #사이다 #삼국지,https://cdn1.munpia.com/v2/files/cover/2025/0711/13/E1U7RXETkAA
https://novel.munpia.com/457750,망한 교단의 성기사,글 제이허빈,175 회,"2,302,453",이백 년간 봉인되었던 성기사는 나약해진 이들의 시대에 다시 깨어났다.,"119,990",#판타지 #성기사,https://cdn1.munpia.com/v2/files/cover/2025/0508/12/EwLGsfMoAAA
https://novel.munpia.com/464848,대독일의 혼혈원수,글 종이호랑이™,144 회,"1,045,922","코인으로 망한 인생.

될대로 되라는 심정으로 내기에 참가했더니 20세기 독일에 떨어졌다.

그것도 검은머리 혼혈로.","38,479",#현대판타지 #대체역사 #전쟁_밀리터리 #전쟁 #정치 #환생 #군인 #검은머리 #대한민국 #구원자,https://cdn1.munpia.com/v2/files/cover/2025/0520/12/ExI4HZ50kAA
https://novel.munpia.com/452318,망한 세계를 게임으로 착각시켰다.,글 크레도,228 회,"3,616,870","망한 세계를 가상현실 게임으로 착각시켰다.

게임크리틱: 100/100 (187개 리뷰 합산)
유저 점수: 100/100 (절대적 긍정적)

그런데 사람들이 미치도록 좋아한다.","150,161",#퓨전 #게임 #게임시스템 #마법 #이세계,https://cdn1.munpia.com/v2/files/cover/2025/0422/16/Eu5lTT7ewAA
https://novel.munpia.com/475581,방구석 경제학자,글 페르세르크,119 회,"2,538,449",방구석 트레이더인 내가 여의도 증권맨보다 돈을 더 잘 번다.,"51,243",#현대판타지 #주식 #착각 #투자,https://cdn1.munpia.com/v2/files/cover/2025/0708/18/E1GnORETkAA
https://novel.munpia.com/476042,사이버펑크 협객전,글 더블타임,85 회,"1,017,769",테크노 검객은 곤륜의 꿈을 꾸는가?,"39,936",#퓨전 #무협 #SF #던전 #사이버펑크 #아포칼립스,https://cdn1.munpia.com/v2/files/cover/2025/0818/20/E4aKDaycIAA
https://novel.munpia.com/459174,개미 키우다 외신으로 오해 받았다,글 하늘바다땅,202 회,"1,606,751","[이계의 주민들이 당신의 하수인들을 두려워합니다]

아무 생각 없이 키우던 개미들 밥이나 주다가 무언가 이상한 것을 발견했다.","55,164",#판타지 #퓨전 #육성 #착각,https://cdn1.munpia.com/v2/files/cover/2025/0513/14/EwlTdNCaEAA
https://novel.munpia.com/489004,돈빨수선전,글 카오카오카,70 회,"1,465,674",난 돈으로 수선한다.,"40,453",#판타지 #퓨전 #육성 #착각,https://cdn1.munpia.com/v2/files/cover/2025/0819/23/E4gC4kksQAA
https://novel.munpia.com/444788,회귀 스트라이커는 미쳤다,글 엉심킬러,216 회,"2,218,101","발롱도르 노쇼를 했다고 또 회귀했다.
삐뚤어지겠다.","67,902",#축구 #회귀,https://cdn1.munpia.com/v2/files/cover/2025/0205/15/EoyBKNijIAA
https://novel.munpia.com/448186,애호받는 뉴비가 되었다,글 데프프픗,215 회,"4,949,830","한국에 단 5명뿐인 헌터.
그 중 한 명이 됐다.","212,443",#현대판타지 #퓨전 #게이트 #레이드 #헌터 #각성,https://cdn1.munpia.com/v2/files/cover/2025/0117/14/EnP60dnVUAA
https://novel.munpia.com/477614,천재 과학자가 공룡으로 돈복사함,글 겸업백작,109 회,"1,024,207","""쥬라기공원이라도 만들 셈입니까?""
""아뇨. 백악기공원인데요.""","29,401",#현대판타지 #경영 #재벌 #이능력 #과학자 #사업가 #기업,https://cdn1.munpia.com/v2/files/cover/2025/0810/20/E3w8YyR5MAA
https://novel.munpia.com/453070,지옥에서 돌아왔더니 악역이 너무 쉽다,글 shoro,234 회,"3,390,981","매력 있는 악역? 사실 너무 쉬웠다.
단,
지옥을 다녀온 내게만.","130,090",#판타지 #현대판타지 #귀환 #천재 #연예계 #감독 #배우 #예술,https://cdn1.munpia.com/v2/files/cover/2025/0320/13/EsO7p_hMoAA
https://novel.munpia.com/437266,반응속도 0.0001초 F1 드라이버,글 쩹쩨비 그림/삽화 쩹쩨비,335 회,"1,151,969","달려라, 세상 그 누구보다 빠르게! 거머쥐어라, 챔피언의 자리를!
그런데 나는 일단 너네보다 반응속도가 빠름.","50,523",#판타지 #현대판타지 #스포츠 #드라마 #사이다 #초능력 #환생 #힐링 #각성 #성장,https://cdn1.munpia.com/v2/files/cover/2024/1228/13/EloxVoRs8AA
https://novel.munpia.com/475641,돈 버는 재능이 넘쳐나는 영주님,글 오토마톤G,100 회,"1,698,173","전쟁이 어렵다고? 흠그정둔가? 쉽던데. 농사가 어려워? 쉬운건데.
상품개발? 어... 이거 못해?","41,986",#판타지 #현대판타지 #퓨전 #전쟁_밀리터리 #게임시스템 #부동산 #영지 #중세 #군대,https://cdn1.munpia.com/v2/files/cover/2025/0725/14/E2dVOK3f8AA
https://novel.munpia.com/439231,소요수선전(逍遙修仙傳),글 아이라울,226 회,"1,955,586","난데없이 환생한 진현은 생각지도 못하게 수선자가 되었다.

영혼에 박힌 기연으로 수련에 막힘이 없으니,

기나긴 이 수선의 길에서 바라는 것은 소요뿐이다.","70,149",#판타지 #퓨전 #무협 #선협 #환생 #성장,https://cdn1.munpia.com/v2/files/cover/2025/0216/04/EpoREA7NsAA
https://novel.munpia.com/470731,"서학개미 김대리 - 1,000조를 벌었습니다.",글 종이노트,131 회,"1,792,760",개미인데 1000조를 벌었습니다.,"32,664",#현대판타지 #경영 #재벌 #주식 #착각 #투자 #검은머리 #현질,https://cdn1.munpia.com/v2/files/cover/2025/0617/10/EzYplWk-wAA
https://novel.munpia.com/481817,환생자의 겁수수선전,글 동쭉,102 회,"870,386","어느 날 선협 세계에 환생한 나에게 주어진 것은
수행을 빠르게 쌓게 해주는 이름 모를 공법 하나 뿐이었다.","21,051",#선협,https://cdn1.munpia.com/v2/files/cover/2025/0820/14/E4jLN2o_AAA
https://novel.munpia.com/475599,멸망할 세계의 파견 용사,글 첨G,73 회,"432,389","=========
간절히 바라면 하늘이 돕는다- 는 말. 한번 쯤 들어보셨죠?
근데 이 '하늘'이라는 분이 워낙 공사가 다망하신 분이라... 듣긴 참 잘 들으시는데 행동력 면에서 좀 그렇지 않습니까?

저희 '디스트로이드 라이프 케어'는 다릅니다!
1대1 맞춤 서비스! 확실한 에프터 케어! 훈련받은 전문 사원의 각별한 서비스를 경험하십시오!
간절했던 그 순간! 뭐든 내어줘도 좋으니 한번만 도와 달라 빌었던 그 순간!

저희가! 바로! 그 자리에- 있겠습니다!
=========

""사장님.""
""예?""
""근데 우리 회사에 훈련받은 전문 사원 같은 것도 있습니까?""

내 질문에, 사장은 당연하다는 듯 웃으며 말했다.

""너요.""


나였다.","18,327",#판타지 #현대판타지 #퓨전 #이세계 #차원이동,https://cdn1.munpia.com/v2/files/cover/2025/0508/11/EwK59jiscAA
https://novel.munpia.com/489564,나 염력 생김,글 인간방패,71 회,"1,190,693","염력을 각성했는데.
이거로 뭐하지?","22,046",#현대판타지 #드라마 #생존 #초능력 #각성 #대한민국 #각성자 #성장,https://cdn1.munpia.com/v2/files/tcover/2025/0623/19/Ez5jLmLqEAA
https://novel.munpia.com/433843,눈떠보니 러시아 마피아,글 엽태호 그림/삽화 로크미디어,342 회,"1,275,117","음모에 휘말려 억울하게 죽은 회사원.
눈떠보니 구소련 붕괴 직전 고려인 마피아가 되었다.","52,411",#현대판타지 #재벌 #빙의 #암흑가 #사업가 #총잡이 #마피아 #범죄,https://cdn1.munpia.com/v2/files/cover/2024/1203/16/Ejorz1uQgAA
https://novel.munpia.com/490865,재능 강탈로 인생이 핵쉬움,글 김불록,55 회,"802,696","니 재능 그딴 식으로 쓸 거면, 나 줘.","14,875",#현대판타지 #천재 #만능,https://cdn1.munpia.com/v2/files/tcover/2025/0808/01/E3ipbA5ggAA
https://novel.munpia.com/482758,중대장과 하룻밤 후 떼돈을 벌었다,글 테드K 그림/삽화 업로드 21:00,84 회,"1,499,602","중대장님과 하룻밤을 보낸 후,
내가 선택한 종목마다 대박쳤다.","27,189",#현대판타지 #대체역사 #부동산 #여행 #주식 #대한민국 #만능 #기업,https://cdn1.munpia.com/v2/files/cover/2025/0811/14/E3046ur5MAA
https://novel.munpia.com/474246,초월급 피지컬로 돌아왔다,글 곰대리,93 회,"1,452,197","티탄의 세계에 끌려갔다가 7년만에 가까스로 돌아온 지구.
그런데 갑자기 영장류 최강 피지컬 종결자란다.
※ 초월급 피지컬이지만 일상 힐링물.","33,923",#현대판타지 #스포츠 #귀환 #사이다 #유튜브 #히어로 #힐링 #능력자 #먼치킨 #가족,https://cdn1.munpia.com/v2/files/cover/2025/0626/11/E0HXEIlPQAA
https://novel.munpia.com/486953,방사능 맞고 초지능 각성,글 율담 그림/삽화 20시 20분 연재,80 회,"1,102,940","방사능 피폭 사고가 내 모든 것을 앗아갔다.

한계가 없어진 지능을 남겨두고.","19,671",#현대판타지 #드라마 #복수 #개발자 #먼치킨,https://cdn1.munpia.com/v2/files/cover/2025/0711/17/E1Vy_hFcIAA
https://novel.munpia.com/481186,검은머리 흙수저 미국에서 살아남기,글 커피흡입기,99 회,"398,645","'미국 흙수저 깡촌에서 살아남기'의 후속작입니다.
대학에 진학한 이후의 '미국 깡촌 흙수저 입양아 제이든 진저'의 인생여정기","22,207",#현대판타지 #천재 #육아 #힐링 #학생 #검은머리 #정치인,https://cdn1.munpia.com/v2/files/cover/2025/0723/23/E2U1NeA_AAA
https://novel.munpia.com/432643,독일 제국이 패전을 안 함,글 브리스트,276 회,"1,300,965","눈 떠보니까 1880년 태어난 신생아 융커였다.
그러니 나는 이 악물고 독일 제국을 정상화 해야한다.

... 히틀러 아래에서 군 생활을 할 수는 없으니까.","42,694",#현대판타지 #대체역사 #전쟁_밀리터리 #빙의 #전쟁 #정치 #군인,https://cdn1.munpia.com/v2/files/cover/2024/1125/14/Ei_BfpZ2kAA
https://novel.munpia.com/489862,수학과 교수는 마법 스크롤이 너무 쉽다,글 검은백곰,55 회,"1,042,722","수학으로 마법 학계에 파장을 불러일으켰다.

""도대체 asd123이 뭐하는 놈이야!""

나다.","24,210",#게이트 #마법 #천재 #교수 #마법사 #상인 #학자 #전문가,https://cdn1.munpia.com/v2/files/cover/2025/0820/16/E4jrgh7kMAA
https://novel.munpia.com/482756,환생 수선전,글 안경쓴팬더,96 회,"957,081","'이 세상에 신선이 있다고?'

환생한 서진은 그저 궁금했을 뿐이었다.","22,536",#선협 #천재 #환생 #동양판타지 #상태창,https://cdn1.munpia.com/v2/files/cover/2025/0725/10/E2cdd-wkMAA
https://novel.munpia.com/486209,서바이벌이 너무 쉬움,글 글병장,84 회,"1,133,404","재입대했다.

각성했다는 이유 만으로.

근데, 생각보다 할만 하더라.","24,534",#현대판타지 #서바이벌 #아이템 #각성 #군대,https://cdn1.munpia.com/v2/files/cover/2025/0814/16/E4EpMO6f8AA
https://novel.munpia.com/69583,재벌집 막내아들,글 산경(山景),354 회,"40,371,314","『자금이라는 것은 주인인 내가 알지 머슴이 뭘 압니까』 정태수 한보그룹 회장이 국회청문회에서 무심코 한 말이다.
직장인, 샐러리맨이라고 부르지만, 사실은 머슴이다.
나 역시 머슴이다. 하지만 언젠가는 집사가 되겠다고 이를 악물었다.
하지만 집사는커녕 내동댕이쳐진 머슴이 나의 마지막이었다.
그리고 신의 축복을 받았다.
딱 절반의 축복을.
다 좋은데 왜 하필 막내냐고!","906,233",#현대판타지 #서바이벌 #아이템 #각성 #군대,https://cdn1.munpia.com/files/attach/2022/1109/002/M9MEKl96P7LmN6qC.jpg
https://novel.munpia.com/490450,거물들이 집착하는 폐급 힐러가 되었다,글 애너그램™,60 회,"942,591","얼떨결에 S급 헌터를 치료했다.
그러자 거물들이 내게 달라붙기 시작했다.","17,468",#판타지 #현대판타지 #힐링 #헌터 #용사 #탑등반물 #하남자,https://cdn1.munpia.com/v2/files/tcover/2025/0628/17/E0S7RSrFUAA
https://novel.munpia.com/427705,대한제국 초중전함 함장이 되었다,글 대형수상함,273 회,"1,693,101","내가 설정한 게임 속 대한제국에 떨어져 버렸다.

""배 이름이 이순신이라고?""

세계 최대 초중전함의 함장으로.","73,045",#판타지 #게임 #대체역사 #전쟁_밀리터리 #전쟁 #해양 #군인 #고인물 #대한제국,https://cdn1.munpia.com/v2/files/cover/2025/0401/16/EtNhh9PAMAA
https://novel.munpia.com/477718,로우 판타지의 1서클 마법사,글 평면경,93 회,"1,031,906","내일 비가 올 지 아닐 지를 점치는 게
이 세계에선 마법이란다.
그래서 나는 다시 만들기로 했다.","37,498",#판타지 #서양판타지,https://cdn1.munpia.com/v2/files/cover/2025/0715/14/E1pyKx1sQAA
https://novel.munpia.com/426976,내 대영제국에 괴식은 없다,글 낑깡깽 그림/삽화 매일 저녁 7시,399 회,"1,705,253","세계대전 전기, 벨 에포크 시대. 살아남기 위해 전생의 요리를 했더니 미래 역사가 바뀌기 시작했다.","76,264",#대체역사 #드라마 #경영 #빙의 #천재 #요리 #힐링 #나혼자,https://cdn1.munpia.com/files/attach/2024/1101/004/VjpoD0Jwsm31CTkz.jpg
https://novel.munpia.com/449489,천재 마취과 의사 장가갑니다,글 홈스탠바이,207 회,"3,095,801","연애는 낙제 의료엔 천재.
[상태창]쓰는 마취통증의학과 전문의가 뒤늦게 연애를 시작함.","76,487",#현대판타지 #드라마 #의사 #능력자 #상태창 #가족 #결혼,https://cdn1.munpia.com/v2/files/cover/2025/0404/18/EtdPrrXO0AA
https://novel.munpia.com/475635,취미로 발롱도르,글 피노키홍,122 회,"1,161,935",발롱도르? 그걸 나한테 왜 줘?,"22,186",#현대판타지 #스포츠 #축구,https://cdn1.munpia.com/v2/files/cover/2025/0704/19/E0yIMPAVUAA
https://novel.munpia.com/462430,합스부르크 황녀의 천재 부군이 되었다,글 폭식마왕,261 회,"1,175,261","전생은 제국의 기둥서방, 이번 생은 제국의 기둥으로","56,624",#판타지 #대체역사 #드라마 #경영 #정치 #로맨스 #결혼 #계략 #성장 #연애,https://cdn1.munpia.com/v2/files/cover/2025/0520/19/ExKX-DBpkAA
https://novel.munpia.com/465769,훈수충의 탑 공략법,글 물먼지,151 회,"2,336,466","높은 곳에 오르고 싶어?
내 말 들어.","44,784",#판타지 #현대판타지 #착각 #헌터 #탑등반물,https://cdn1.munpia.com/v2/files/cover/2025/0624/16/Ez-IfCGoAAA
https://novel.munpia.com/484749,환생한 미래인의 가상현실 제작기,글 스나퍼,75 회,"378,597","완전 몰입형 가상현실.
난 그걸 만들 것이다.
다시는 디스토피아가 반복되지 않기 위해서.","11,098",#현대판타지 #경영 #천재 #인공지능 #환생 #개발자 #투자가 #기업,https://cdn1.munpia.com/v2/files/tcover/2025/0528/16/ExzEZrpM0AA
https://novel.munpia.com/448355,무당파 제자가 물리를 너무 잘 함,글 글로장생.,197 회,"2,032,721",그러니까 사량발천근은 돌림힘에 이중진자의 관성 모멘트를 이용했다는 거네?,"59,701",#퓨전 #무협 #SF #동양판타지 #만능,https://cdn1.munpia.com/v2/files/cover/2025/0408/11/EtwWnR0O0AA
https://novel.munpia.com/413522,무신연의 : 여포가 효도를 잘함,글 별꽃라떼,528 회,"6,070,255","무협지에 환생한 줄 알았다.
나를 구한 스승이 내게 이름을 정해줬다.
여포. 자는 봉선.

지금, 효도하러 갑니다.","281,930",#퓨전 #무협 #대체역사 #전쟁_밀리터리 #삼국지 #환생 #먼치킨,https://cdn1.munpia.com/files/attach/2024/1111/004/x6qhTd0xEgACglY3.jpg
https://novel.munpia.com/455487,방송천재가 라이브로 사건을 해결함,글 장성필,217 회,"1,900,623","어느날 우연히 어플이 깔리면서 시작하게 된 라이브 방송.
그런데 라이브가 평범하지 않다.
실제 각종 범죄, 사건, 사고를 실시간으로 방송하면서 동시에 해결까지 해버리게 된다.
이거 정말 괜찮은 건가?","67,336",#현대판타지 #방송 #유튜브 #인터넷방송 #범죄,https://cdn1.munpia.com/v2/files/cover/2025/0417/09/EueaqN_Y4AA
https://novel.munpia.com/91668,명군이 되어보세!,글 슈타인호프,"2,562 회","14,273,023","""할아버지, 도대체 무슨 물건을 물려주신 거예요?!""

가문에서 대대로 전해 내려오던 보물. 이게 뭐라고?

“진짜일 리가 없지. 이게 진짜라면 4백 년 동안 아무도 성공 못 했을 리가 없어. 다 거짓말, 전해 내려오는 이야기일 뿐이야. 그리고 13대조 할아버지는 뭐 그리 간이 작담. 적어도 왕 자리에 오르고 싶다는 소원 정도는 빌어야지.”

세상에, 내가 이걸 진지하게 믿었으면 이런 소원 빌지도 않았을 거라고요!

* 연재는 매일 0740에 올라갑니다.","492,654",#현대판타지 #방송 #유튜브 #인터넷방송 #범죄,https://cdn1.munpia.com/files/attach/2023/0217/002/qPAY7TyMZGzwhbie.jpg
https://novel.munpia.com/449853,할리우드 투자의 신,글 서핑보이,262 회,"1,642,225",내가 투자하는 영화마다 대박이 터진다.,"43,126",#현대판타지 #사이다 #천재 #연예계 #투자,https://cdn1.munpia.com/v2/files/cover/2025/0328/13/Es4Lw9qHYAA
https://novel.munpia.com/424944,드블리와 힐링합니다.,글 fides 그림/삽화 fides,353 회,"2,033,845",전생한 드루이드 강시현의 힐링 라이프!,"98,072",#현대판타지 #퓨전 #농사 #유튜브 #이능력 #환생 #힐링 #농부,https://cdn1.munpia.com/v2/files/cover/2024/0909/18/EczY6qxBoAA
https://novel.munpia.com/487185,국적포기 했더니 축구가 너무 쉽다,글 전성기,81 회,"1,103,821","대한민국 축구 다 조까세요!

FIFA 랭킹 210위 산마리노 공화국에서 다시 시작하는 행복한 축구 생활.

""어... 축구공을 잡으면 패스 길이 보여요..""","28,772",#현대판타지 #스포츠 #이능력 #초능력 #축구 #감독 #운동선수 #능력자 #상남자 #결혼,https://cdn1.munpia.com/v2/files/cover/2025/0807/13/E3gGd3FTkAA
https://novel.munpia.com/465188,미친 천재로 착각당했다!,글 디플로,151 회,"1,683,386",사람들이 날 자꾸 천재로 착각한다,"33,608",#판타지 #현대판타지,https://cdn1.munpia.com/v2/files/cover/2025/0617/16/EzaEUlDC0AA
https://novel.munpia.com/475822,뗀석기로 우주방어,글 곽탁타,113 회,"513,533","인류를 구하기 위해 과거로 간다!
...조금 멀리","22,872",#대체역사 #SF #생존 #인공지능,https://cdn1.munpia.com/v2/files/cover/2025/0813/18/E4ABcE3-8AA
https://novel.munpia.com/437091,언젠가는 야구의 신,글 남극부엉이,312 회,"1,680,210","이거 야구(만) 하는 소설 아닌데요?

'매월 1일 0시 0분 0초' 그에게 특별한 기적이 찾아온다.","48,877",#현대판타지 #스포츠 #이능력 #회귀 #야구 #연애,https://cdn1.munpia.com/v2/files/cover/2025/0110/18/Emsq3bC1sAA
https://novel.munpia.com/460563,호텔리어의 이세계 공략,글 papapa.,166 회,"1,316,990","검과 마법의 세계에도 숙박업은 있다.

내가 아는 것보다 미개하지만.","58,426",#판타지 #퓨전 #경영 #힐링,https://cdn1.munpia.com/v2/files/cover/2025/0516/15/Ew08i-OaEAA
https://novel.munpia.com/477934,연구만 했는데 돈이 쌓임,글 l살별l,106 회,"984,189","미국으로 출장 갔는데 DNA를 다룰 수 있는 능력이 생겼다.
어쩌면 아버지에게 물려받은 시한 폭탄 같은 유전병도 치료할 수 있지 않을까?
아니, 세상을 구원할 수 있을지도!","22,787",#현대판타지 #경영 #전염병 #개발자 #기타_전문직 #구원 #대한민국 #구원자 #전문가 #기업,https://cdn1.munpia.com/v2/files/cover/2025/0820/09/E4iAtuW-8AA
https://novel.munpia.com/488585,오스트리아 천재 화학자는 혁명이 너무 쉽다,글 달필연사,74 회,"282,418","21세기 화학자는 혁명이 마렵다.

민족 문제로 멸망할 오스트리아-헝가리 제국을 살리는 유일한 방법은.

민족이란 개념을 없애버리는 것이다.","11,935",#대체역사 #전쟁_밀리터리 #경영 #재벌 #전쟁 #정치 #과학자 #군주,https://cdn1.munpia.com/v2/files/cover/2025/0821/11/E4npoJwkMAA
https://novel.munpia.com/475580,삼국지 삼성가노의 아들이 되었다,글 벤조,111 회,"346,993","여씨, 정원, 동탁 애비초즌 삼성가노 여포의 아들이 되었다.","8,801",#판타지 #퓨전 #무협 #대체역사 #전쟁_밀리터리 #빙의 #삼국지 #음모 #계략 #군대,https://cdn1.munpia.com/v2/files/cover/2025/0801/18/E3COirbR8AA
https://novel.munpia.com/372155,조선에는 쿠데타가 필요해요,글 앙금고라니,"1,337 회","3,334,927",제국주의에 조선이 살아남기 위해선 내가 군부를 장악해야 한다.,"186,483",#현대판타지 #대체역사 #빙의 #전쟁 #군인 #무인 #대한제국 #조선 #한국사,https://cdn1.munpia.com/files/attach/2024/0424/002/64XPSPsBPeBo1TRr.jpg
https://novel.munpia.com/477059,신들의 단톡방에 김치사발면을 바쳤다,글 노마(駑馬),118 회,"930,454",그랬더니 돈과 스킬이 쏟아진다. 좋은데?,"26,733",#판타지 #현대판타지 #요리 #힐링 #요리사 #몬스터 #성좌 #신 #각성 #탑등반물,https://cdn1.munpia.com/v2/files/cover/2025/0821/17/E4o7tqM-8AA
https://novel.munpia.com/459435,천재 보좌관은 매니저가 되었다,글 댄킴,108 회,"971,834","4선 국회의원의 천재 수석 보좌관.
연예인 매니저가 되었다.
...어차피 하는 일은 비슷하잖아?","30,676",#현대판타지 #드라마 #천재 #연예계 #가수 #매니저 #배우,https://cdn1.munpia.com/v2/files/cover/2025/0707/19/E1BuvvV_AAA
https://novel.munpia.com/422291,금손 아빠가 되었다,글 레몬탕,320 회,"1,171,788",갑자기 맡게 된 아이를 돌보다 금손이 되었다.,"69,370",#현대판타지 #SNS #유튜브 #육아 #힐링 #회사원 #노력가,https://cdn1.munpia.com/v2/files/cover/2025/0526/16/Exoqss3gsAA
https://novel.munpia.com/490341,아티팩트 사업가는 천조국 통일한국을 만든다,글 낭만제조사,58 회,"558,094","대한민국 유일한 아티팩트 제작자는 물리 법칙을 위반한다!

아티팩트 대량 생산이 초래한 격동의 대한민국!

재산을 지키기 위해선 대한민국을 강화할 수밖에 없다!","12,248",#현대판타지 #퓨전 #대체역사 #전쟁_밀리터리 #경영 #사이다 #전쟁 #과학자 #대한민국 #아티팩트,https://cdn1.munpia.com/v2/files/cover/2025/0813/20/E4AfhSkcIAA
https://novel.munpia.com/484489,나 혼자만 진인眞人,글 지장수,90 회,"444,653","선대의 덕으로 죽음의 위기에서 벗어나서 새로운 육체를 얻은 카스.

그런데 새로 얻은 육체가 심상치 않다.

이 몸의 전 주인은 대체 뭐 하던 사람이야?","9,645",#판타지 #선협 #영지 #차원이동 #각성 #마나 #미궁 #아티팩트,https://cdn1.munpia.com/v2/files/tcover/2025/0729/15/E2yHWWkcIAA
https://novel.munpia.com/479491,돌아온 북부 대공은 전쟁의 신(神),글 반고르,113 회,"1,187,406","최강 기사의 몸에 전술 천재의 혼이 합쳐졌다.
전술로 농락하고, 무력으로 압살한다.","21,724",#이세계 #전쟁 #중세 #군주 #기사 #먼치킨 #서양판타지,https://cdn1.munpia.com/v2/files/cover/2025/0822/14/E4tZjL8-8AA
https://novel.munpia.com/445969,삼국지 꿀물왕으로 살아남기,글 초보글장인,196 회,"1,466,873","대한민국 최초로 UFC 헤비급 챔피언이 된 장진혁. 사세삼공 가문의 적자 후한의 원술로 빙의하다.

?: ""주공!! 필부의 용맹을 뽐내지 마시옵소서!!!!""
?: ""군웅께서 그렇게 앞장서선 아니 되옵니다!!!!""

배경도, 지혜도, 전투력도 전부 가진 미래인의 난세 평정기!!

정사와 연의를 섞어 작가식으로 각색한 작품입니다!","43,778",#판타지 #대체역사 #전쟁_밀리터리 #경영 #삼국지 #영지 #전쟁 #군인 #군주 #무인,https://cdn1.munpia.com/v2/files/cover/2025/0213/10/EpaFwMCNsAA
https://novel.munpia.com/483378,나 혼자 아포칼립스에서 뽑기로 꿀빠는 법,글 [세인토],97 회,"553,359","21세기 이전.
지구의 사람을 플레이어로 멸망이 확정된 세계로 초대하는 괴현상이 일어났고 사람들은 플레이어가 멸망한 세계에서 사투를 벌이고 생존하는 것을 보게 된다.
그 세계에 초대된 플레이어는 각자 특별한 능력을 얻게 되며 그들이 죽는 것으로 현실로 돌아오게 되어 마법과 무공이 당연한 세상이 되었다.

그런 세상에서 마법도 무공도 희소하다는 초능력자도 아닌 강찬혁은 마치 모바일 게임의 패키지, 뽑기로 자신만의 쉘터를 만들어 살아남는다.","12,097",#판타지 #퓨전 #사이다 #생존 #아이템 #아포칼립스 #이능력 #먼치킨 #도박 #양아치,https://cdn1.munpia.com/v2/files/tcover/2025/0521/16/ExO-y-l0kAA
https://novel.munpia.com/475633,뇌각성 후 인생 역전,글 연함™ 그림/삽화 00시00분연재,118 회,"2,563,767",뇌종양 시한부라 꼴리는대로 살기로 했다. 그런데 그게 아니었다.,"53,755",#현대판타지 #드라마 #사이다 #주식 #투자 #과학자 #회사원,https://cdn1.munpia.com/v2/files/cover/2025/0729/17/E2ynhuZf8AA
https://novel.munpia.com/445447,레벨업 하는 레인저,글 칼튼90,242 회,"2,156,535","- 휴면 모드 해제 -
아버지의 유품이 흡수되는 순간, 레벨업이 가능해졌다.
던전 도시에 막 도착하자 벌어진 일이었다.","74,002",#판타지 #퓨전 #이세계 #용병 #미궁 #성장,https://cdn1.munpia.com/v2/files/cover/2025/0224/18/EqUj_TKKQAA
https://novel.munpia.com/475906,아포칼립스 로켓배송,글 아라만,100 회,"1,734,707","[당신은 각성하였습니다.]

곧바로 그 단어를 외쳐봤다.

“상태창.”

띠링!

[이름] 조재우
[레벨] 1
[특성] 「로켓 스토어」
[스킬]
- [물품 등록 Lv.1]
- [로켓 배송 Lv.1]
- [초대장 발송 Lv.1]
[보유 코인] 0","48,988",#판타지 #현대판타지 #게임시스템 #생존 #이능력 #초능력 #먼치킨 #상태창 #포스트아포칼립스,https://cdn1.munpia.com/v2/files/cover/2025/0730/17/E23klHCggAA
https://novel.munpia.com/455348,방치형 무릉도원으로 귀농합니다,글 고라밀덕,190 회,"1,122,004","가만히 있어도 다 해주는 궁극의 이상향을 발견했다.
이게 진짜 힐링이지.","38,345",#판타지 #현대판타지 #퓨전 #농사 #시스템 #힐링 #귀농,https://cdn1.munpia.com/v2/files/cover/2025/0401/16/EtNXsBuO0AA
https://novel.munpia.com/470525,삼국지 강남에 살어리랏다,글 면사랑,111 회,"736,294",꿀물이랑 제리랑 제끼고 강남에 살어리랏다.,"22,545",#대체역사 #삼국지 #환생 #군주,https://cdn1.munpia.com/v2/files/cover/2025/0717/11/E1zbTstsQAA
https://novel.munpia.com/461247,삼류낭인은 검제되기가 싫다,글 글로수다,209 회,"1,814,604","목돈이 필요해서 정마대전에 참전한 삼류낭인 석두명. 그 돈으로 객잔이나 하나 여는 것이 소박한 그의 꿈. 근데 그게 맘대로 안 된다. 운명은 자꾸 석두명에게 검제 되기를 강요하는데... 하기 싫다, 정말.","37,940",#퓨전 #무협 #격투 #전쟁 #성장 #연애 #정파,https://cdn1.munpia.com/v2/files/cover/2025/0718/12/E140Avg_AAA
https://novel.munpia.com/432882,"불사자, 고려에서 깨어나다",글 김경록,282 회,"1,012,235","멸망으로 치닫는 세계에서 소중한 이들을 모두 잃고 삶을 포기하려는 순간.
낯선 목소리가 내게 모든 일을 바로잡을 기회를 주겠다고 제안했다.
그렇게 제안을 받아들이고 정신을 차렸을 때, 나는 고려의 이름 없는 무관이 되어 있었다.","55,360",#대체역사 #전쟁_밀리터리 #전쟁 #고려 #상태창,https://cdn1.munpia.com/v2/files/cover/2024/1227/18/ElkkcFos8AA
https://novel.munpia.com/410290,거물들이 찾는 천재배우,글 나일함,380 회,"3,693,715","백수가 되었는데,
거물들이 나를 찾기 시작했다.","130,772",#현대판타지 #천재 #연예계 #감독 #배우,https://cdn1.munpia.com/files/attach/2024/0806/000/rqHqe4l6IvGsB38C.jpg
https://novel.munpia.com/437072,방출됐으니 투수 할게요,글 김꿩,254 회,"2,375,426",느려도 괜찮다. 이번엔 끝까지 가보자. (160km/h를 던지며),"81,553",#현대판타지 #스포츠 #운동선수 #노력가 #야구,https://cdn1.munpia.com/v2/files/cover/2024/1206/15/Ej325iK3MAA
https://novel.munpia.com/471359,선협에서 나혼자 무한수명,글 불로수선전,177 회,"965,487","영문도 모른 채 낯선 세계에 버려진 이한.
유일한 위안은 어쩌다 얻게 된 '늙지 않는 몸'뿐.
평범한(했던) 남자의 기묘한 여행.","23,998",#판타지 #퓨전 #무협 #생존 #선협 #이세계 #환생 #먼치킨 #동양판타지 #성장,https://cdn1.munpia.com/v2/files/cover/2025/0723/17/E2Tk-oT5MAA
https://novel.munpia.com/457545,"지구 종말, 이번에는 막아보자",글 타자씨,183 회,"1,087,564","환경 재앙으로 종말이 온 세상.
더 이상 잃을 것이 없는 남자가 AI와 함께 돌아왔다.
모든 것을 바꾸기 위해.","37,498",#현대판타지 #재벌 #우주 #음모 #인공지능 #정치 #회귀 #사업가 #나노머신 #흑막,https://cdn1.munpia.com/v2/files/cover/2025/0520/21/ExK0UiWzcAA
https://novel.munpia.com/469013,천재 연단사는 수선이 너무 쉽다,글 용은,150 회,"873,912",조금 특별한 단로를 손에 넣었다.,"22,668",#판타지 #무협 #선협 #천재 #무인 #노력가 #성장,https://cdn1.munpia.com/v2/files/cover/2025/0611/11/Ey57jfvk4AA
https://novel.munpia.com/465024,이세계 대문호의 비밀 도서관,글 산토키,131 회,"1,034,634",중세 판타지 세계에 환생했다. 세상의 모든 명작 소설들이 잠들어있는 아공간 도서관과 함께.,"24,336",#판타지 #퓨전 #이세계 #중세 #환생 #작가 #예술,https://cdn1.munpia.com/v2/files/cover/2025/0723/03/E2QiWdHTkAA
https://novel.munpia.com/453012,비선실세의 조선 정상화,글 Cider.cap,176 회,"965,630",조선의 권력 서열이 어떤지 아느냐?,"36,438",#현대판타지 #대체역사 #전쟁_밀리터리 #환생 #조선,https://cdn1.munpia.com/v2/files/cover/2025/0317/12/Er_bXxkUQAA
https://novel.munpia.com/447199,고대 그리스를 씹어먹는 망나니가 되었다,글 열이틀 그림/삽화 열이틀,142 회,"370,550","상남자 특) 알렉산드로스 인도 간 사이에 바빌론 불태우고 왕비 납치한 다음 군자금 깡그리 약탈함

망하기 직전의 고대 아테네로 인류사 GOAT 알렉산더 대왕과 세계정복 캐삭빵 막고라뜨는 이야기

**치사량의 고대뽕, 민주주의뽕, 낭만뽕을 추구합니다.**","25,638",#대체역사 #전쟁_밀리터리 #빙의 #생존 #서바이벌 #정치 #군주 #망나니 #세계사 #정치인,https://cdn1.munpia.com/v2/files/cover/2025/0610/18/Ey2Z--OoAAA
https://novel.munpia.com/468156,게임 속 기연이 너무 많다,글 글포터,144 회,"1,453,867","분명 게임 속에서 얻었는데…
왜 현실에서도 쓸 수 있지?","35,305",#퓨전 #게임 #게임시스템 #헌터 #먼치킨,https://cdn1.munpia.com/v2/files/cover/2025/0619/14/EzjyIsSqEAA
https://novel.munpia.com/487988,"인조반정으로, 강화도에서 땅굴을 팠다",글 마음의음식,72 회,"253,425","조선판 쇼생크 탈출.
사람들을 날 두고 미친 광해의 아들이라고 했다.
그런데 말이지. 나는 그 아들이 아니라..
대뇌피질에 AI를 박은... 연재 시간은 오후 2시.","6,888",#판타지 #대체역사 #SF #전쟁_밀리터리 #빙의 #이능력 #조선 #군대,https://cdn1.munpia.com/v2/files/tcover/2025/0816/06/E4Mzxu5R8AA
https://novel.munpia.com/476319,선협에서 하남자로 살아남기,글 로드케이,111 회,"694,111","나는 영원히 늙지않고 살 수 있다.
...사고, 천재지변, 싸움, 질병, 독만 조심하면.","18,721",#퓨전 #생존 #선협 #성장 #정통,https://cdn1.munpia.com/v2/files/cover/2025/0805/20/E3XJw5JTkAA
https://novel.munpia.com/477413,귀환했더니 국가권력급 거물이 되었다,글 단열,115 회,"1,738,266","99층 무간지옥에서 살아 돌아왔다.
돌아와 보니 전설이 되어 있었다.","37,082",#판타지 #현대판타지 #게이트 #귀환 #사이다 #힐링,https://cdn1.munpia.com/v2/files/cover/2025/0722/15/E2OCHobR8AA
https://novel.munpia.com/492339,시간 정지로 SSS급 헌터,글 고라니인간,51 회,"577,074","여친을 헌터에게 ntr 당하고 각성한 시간정지능력,

오직 증오심으로 탑을 오른다.","10,803",#현대판타지 #복수 #후회 #헌터 #각성 #탑등반물,https://cdn1.munpia.com/v2/files/cover/2025/0710/01/E1NIqqaggAA
https://novel.munpia.com/481054,기연수선전,글 햄버그,74 회,"587,003",머무는 곳마다 기연이 쏟아지니,"14,283",#판타지 #선협,https://cdn1.munpia.com/v2/files/tcover/2025/0513/18/EwmOsMxzcAA
https://novel.munpia.com/423960,반지성주의 마왕의 세계침략,글 뚜근남,473 회,"1,590,230",인간이 싫다. 그래서 문명을 파괴하는 마왕이 되기로 했다.,"92,040",#판타지 #게임 #SF #게임시스템 #서바이벌 #영지 #크툴루 #동물 #마왕 #신,https://cdn1.munpia.com/v2/files/cover/2024/1219/10/Ek5tv4uWsAA
https://novel.munpia.com/475617,기사의 납골당,글 쿠우울,113 회,"580,408","오래된 가문. 명맥만 유지되던 곳에서 혈통의 힘을 깨우치다.

격동의 시대.

명예와 사람을 위해 검을 들어올리다.","27,804",#판타지 #전쟁_밀리터리 #정통,https://cdn1.munpia.com/v2/files/cover/2025/0812/16/E36YtE4sQAA
https://novel.munpia.com/459410,즉사기로 범죄자 처단,글 라팜팜,179 회,"2,505,430",즉사기를 얻었다고 헌터가 될 이유는 없다.,"65,616",#현대판타지 #헌터 #빌런 #범죄,https://cdn1.munpia.com/v2/files/cover/2025/0502/16/EvtE4xGoAAA
https://novel.munpia.com/457490,아공간 슈퍼마켓에 어서오세요,글 정석연재,205 회,"2,144,182","<8월 23일 장부>
[검황-짜파게티] [성녀-오함마] [대마법사-공학계산기]","63,983",#힐링,https://cdn1.munpia.com/v2/files/cover/2025/0409/15/Et2cDSUXMAA
https://novel.munpia.com/448157,회귀한 농구선수가 재능을 수집함,글 미에크,287 회,"976,766","부적처럼 지녀왔던 NBA 선수 카드
2회차 농구인생은 NBA 스타들의 재능과 함께 한다","38,113",#현대판타지 #스포츠 #농구 #시스템 #회귀 #운동선수 #노력가,https://cdn1.munpia.com/v2/files/cover/2025/0221/09/EqDDxRAvUAA
https://novel.munpia.com/478548,무공 쓰는 천재 해결사,글 아이언강,87 회,"837,095",고금 제일 신공을 얻고 귀환했더니 해결이 너무 쉽다.,"19,899",#현대판타지 #귀환 #사이다 #먼치킨 #무공,https://cdn1.munpia.com/v2/files/cover/2025/0530/15/Ex9L5AiJwAA
https://novel.munpia.com/456173,AI와 회귀했더니 돈이 쏟아짐,글 절대안정,213 회,"1,447,026","지독히 불행했던 삶의 끝에서 AI와 함께 과거로 돌아왔다.

그런데 이 AI, 돈을 많이 밝힌다.","35,017",#현대판타지 #재벌 #복수 #부동산 #인공지능 #회귀 #선생님 #가족 #만능 #현질,https://cdn1.munpia.com/v2/files/cover/2025/0410/11/Et6uvuwMoAA
https://novel.munpia.com/477481,초인에겐 야구가 너무 쉽다!,글 독파민,93 회,"1,101,482","재능도, 실력도 부족하다는 걸 깨닫고 고교 졸업과 동시에 도망치듯 야구를 그만 뒀다.
세월이 흘러 서른둘이 된 도강현에게 특별한 능력이 생겼다.

[원하는 능력을 2가지만 선택하세요.]
[1. 스냅포인트]
[2. 파워드라이브]
[3. 스파이더 센스]
[4. 호크아이 스코프]
[5. 딜레이 무브]
[6. 그라비티 브레이커]
[7. 퀵실버 스텝]
[8. 오버바디]
[9. 버서커 이펙트]
[10. 아머드 캐넌]

마치 영화 속 히어로들이 가진 듯한 능력을 2가지나 선택하게 되었다.
서른둘.... 다시 야구를 시작해도 될까?","21,934",#현대판타지 #스포츠 #초능력 #먼치킨 #야구 #나혼자,https://cdn1.munpia.com/v2/files/tcover/2025/0515/11/EwvA2e_TsAA
https://novel.munpia.com/477026,5살부터 시작하는 게임 개발,글 장스,111 회,"516,146","회귀인지 알았는데 비슷한 평행세계.
5살부터 시작해서 10년 20년 30년 40년을 달려 2025년을 넘어 미래까지 지배한다.","14,255",#현대판타지 #게임 #경영 #개발자 #노력가 #전문가 #기업,https://cdn1.munpia.com/v2/files/cover/2025/0805/14/E3V-4MNggAA
https://novel.munpia.com/455299,제국 공무원이 연금술을 숨김,글 빈수박,222 회,"2,414,911","어쩌다 보니 내 연금술이 세계를 뒤흔들어 버렸다.
난 그냥 취미생활일 뿐이었는데...
어떡하지?","67,274",#판타지 #게임 #마법 #빙의 #시스템 #육성 #상태창,https://cdn1.munpia.com/v2/files/cover/2025/0408/18/Etx-kjc7oAA
https://novel.munpia.com/478990,이혼 후 돈이 굴러들어옴,글 글코틴,107 회,"1,093,792",이혼 후 내게 미래 정보가 보이기 시작했다.,"18,278",#현대판타지 #이혼 #주식 #착각 #투자,https://cdn1.munpia.com/v2/files/cover/2025/0801/16/E3B2Ea-ggAA
https://novel.munpia.com/444633,예언의 아이가 살아남는 법,글 Cadilet,301 회,"590,358","존경하는 아버지처럼 훌륭한 군인이 되어, 자랑스러운 아들이 되겠다고 다짐했던 유년기의 봄.
열 살의 어린 소년 에른스트 크리거는 그가 모르는 사이에 자신의 운명을 결정했다.

***

황제시여, 사라안인이 제국을 멸망시킬 것입니다.
제국을 위해 그들을 고향으로 돌려보내소서.
옛 신의 우물에 그들을 바쳐, 두 번 다시 이 땅을 밟지 못 하게 하소서.
.......
그리하여, 오래된 말이 다시금 빛나게 되리라.","44,220",#판타지 #퓨전 #전쟁_밀리터리,https://cdn1.munpia.com/v2/files/cover/2025/0121/14/EnkchRQQEAA
https://novel.munpia.com/434438,파병의 유령,글 조가치,319 회,"1,359,036","전쟁을 잘한다.
누가 가르쳐 주지도 않았는데 은폐 엄폐가 예술이다.
태권도 사범, 강력계 형사,
농부...
그리고 발골의 달인 홍교 정육점 안기종 사장님","28,722",#판타지 #퓨전 #전쟁_밀리터리,https://cdn1.munpia.com/v2/files/cover/2024/1212/16/EkW4rhv4MAA
https://novel.munpia.com/414317,신마분혼기 : 고대 신마의 혼을 품다!,글 김상규,206 회,"748,136","선仙과 魔마가 하늘을 뒤집고 요妖와 괴怪가 땅을 엎는 기이한 선협仙俠의 세계!
강인은 이곳에서 깨어나 고대 신마神魔의 단로丹爐를 삼킨다.","24,222",#무협 #선협 #동양판타지,https://cdn1.munpia.com/files/attach/2024/1021/001/o50UL8ol1uL6QyoT.jpg
https://novel.munpia.com/430593,괴물 천재투수가 메이저리그를 찢음,글 단팥빵소년,498 회,"3,609,365","나는 그저 범재일뿐이었다

하지만 내게 주어진 무한한 시간이 그 재능의 한계를 찢어버렸다","138,785",#현대판타지 #스포츠 #천재 #회귀 #후회 #운동선수 #먼치킨 #야구,https://cdn1.munpia.com/v2/files/cover/2025/0528/09/Exxd6evoAAA
https://novel.munpia.com/460518,천재 마법사는 승천이 너무 쉽다,글 고샅,185 회,"796,819",어쩌다 보니 천재 마법사가 되었다,"23,444",#판타지 #퓨전 #선협 #마법사,https://cdn1.munpia.com/v2/files/cover/2025/0605/10/Eya5vzFh0AA
https://novel.munpia.com/468468,검신으로 돌아왔다,글 NZ,148 회,"2,071,482","나라가 우리를 버렸다.

하지만 내가 돌아왔다.","35,961",#판타지 #퓨전 #선협 #마법사,https://cdn1.munpia.com/v2/files/cover/2025/0714/20/E1l7YG2kMAA
https://novel.munpia.com/462546,무공천재로 시작하는 우주 전쟁,글 이나르™,138 회,"1,381,809","무신(武神) 진무량
등선 후 수만 년이 지난 우주에서 눈을 뜨다.
...가문에서 버림 받은 폐급 장교의 몸으로.","37,253",#무협 #SF #빙의 #우주 #군인,https://cdn1.munpia.com/v2/files/cover/2025/0611/16/Ey7FlTIhQAA
https://novel.munpia.com/469352,1961 게임치트로 군사혁명!,글 라메카,206 회,"739,740",게임시스템을 안고 1961년 대한민국 서울에 도착했다. 그런데 날짜가... 5월 16일?,"21,648",#판타지 #게임 #대체역사 #전쟁_밀리터리 #사이다 #먼치킨 #대한민국 #한국사 #상남자,https://cdn1.munpia.com/v2/files/cover/2025/0625/11/E0CKKg-McAA
https://novel.munpia.com/461051,재벌가 망나니는 SSS급 연금술사였다,글 이고난,146 회,"1,086,730","""암 치료제도 만들어볼까?""

마력이 살아 숨쉬는 세계 에오스에서 최고의 연금술사였던 로이.

대한민국 재벌 지선그룹의 막내이자 망나니, 성로이로 환생하다.

*작 중 나오는 모든 과학적인 지식은 허구에 기반한 것입니다.","24,794",#현대판타지 #재벌 #사이다 #천재 #환생 #과학자 #망나니 #마나 #가족,https://cdn1.munpia.com/v2/files/cover/2025/0513/10/EwkgvLMzcAA
https://novel.munpia.com/463629,바닥부터 시작하는 무림생활,글 키나아빠,165 회,"1,232,668","글쎄, 강호인을 죽이면 무공 텍본을 다운 받을 수 있다니까?

<본격 로우 파워 무협>","37,277",#퓨전 #무협 #이능력 #이세계 #무인 #검은머리 #코믹,https://cdn1.munpia.com/v2/files/cover/2025/0521/13/ExOXg3R0kAA
https://novel.munpia.com/470156,돈복이 쏟아짐,글 정주행,122 회,"1,666,265",한 여자를 만나고 인생이 바뀌기 시작했다.,"37,842",#현대판타지 #경영 #재벌 #사이다 #사업가 #능력자 #로맨스 #결혼 #동거 #성장,https://cdn1.munpia.com/v2/files/cover/2025/0618/22/EzgVstI-wAA
https://novel.munpia.com/441434,전직 특수요원의 AI 생활백서,글 몽몽객,262 회,"2,293,152","국가가 존재조차 인정하지 않는 극비 특수작전팀 팀장 오진우.
인질 구출 작전에 나섰다가 예상 못한 인질을 구출하고 귀환 중에 타고 있던 헬기가 피격당한다.

죽음이 예정된 그 순간, 정체불명의 인질에게 '선택'을 받게 되고 덕분에 목숨을 건지게 되는데...","64,123",#현대판타지 #경영 #복수 #인공지능 #투자 #은퇴 #첩보,https://cdn1.munpia.com/v2/files/cover/2024/1219/15/Ek6vpqTV4AA
https://novel.munpia.com/475664,아공간수선전(亞空間修仙傳),글 정육면체,93 회,"731,913","D급 헌터인 나 김명운.

어째서인지 낯선 세계, 수선계에서도 각성을 해버렸다.","18,473",#선협 #시스템 #동양판타지 #각성 #성장,https://cdn1.munpia.com/v2/files/cover/2025/0709/17/E1Lcq425MAA
https://novel.munpia.com/476855,헌터 수선전,글 원태훈,109 회,"658,042","나 S급 헌터 유중기, 무림에 떨어졌다.

그런데 알고 보니 무림이 아니라 선협 세계?!","13,989",#무협 #선협 #시스템 #인공지능 #헌터 #사이보그 #도박,https://cdn1.munpia.com/v2/files/cover/2025/0814/08/E4C9Yoh-8AA
https://novel.munpia.com/454037,전세계 뚝배기 깨고 다니는 K-ARMY,글 선우선사,200 회,"878,197","K-ARMY, 한국전쟁 직전으로 이동했다.
일단 평양의 돼지부터 후루룩하고
다음은 미국 소련과 맞짱 한번 떠보자!
뚝배기 조심해라!","23,622",#대체역사 #전쟁_밀리터리 #생존 #군인 #먼치킨 #대한민국,https://cdn1.munpia.com/v2/files/cover/2025/0411/14/EuAg3CrhMAA
https://novel.munpia.com/461165,"엔터 천재는 모르겠고, 똥 피하는 건 잘합니다",글 소탐자,164 회,"1,289,372","“어떻게 매번 그게 가능하겠어요? 초능력자도 아니고.”

그, 그러니 말이다.
초능력자도 아니고….","27,337",#판타지 #현대판타지 #경영 #재벌 #연예계 #회사원,https://cdn1.munpia.com/v2/files/cover/2025/0617/23/Ezbdh9Z-wAA
https://novel.munpia.com/464641,내 백제에 멸망은 없다,글 화돌,138 회,"503,777","백제의 마지막 군주, 의자왕은 치욕적인 죽음 후 대한민국의 노숙인으로 다시 태어났다.

간신히 자립해 도서관 관리인으로 살았지만, 사고로 생을 마감한 순간 다시 백제로 돌아왔다. 아공간 도서관과 함께….

이번 생, 백제에 멸망은 없다.","16,336",#대체역사 #드라마 #사이다 #천재 #군주 #먼치킨 #동양판타지 #백제 #한국사 #혈통,https://cdn1.munpia.com/v2/files/cover/2025/0613/20/EzGLScTC0AA
https://novel.munpia.com/487141,초월급 차원능력자의 탑 공략법,글 그야재미,77 회,"767,555","차원 거래 능력을 각성했다.
오직 나만이 다른 세계의 신비를 독점한다.","17,120",#판타지 #현대판타지 #게이트 #경영 #상인 #헌터 #먼치킨 #탑등반물 #각성자,https://cdn1.munpia.com/v2/files/cover/2025/0819/18/E4exGOe5MAA
https://novel.munpia.com/435623,은퇴 후 세차장 사장이 됐다.,글 불량집사,249 회,"1,574,686","딱 한 번 실수가 은퇴로 이어졌다.

앞으로 난 뭘 해 먹고 살까?","48,097",#현대판타지 #스포츠,https://cdn1.munpia.com/v2/files/cover/2024/1125/17/Ei_vSUp3MAA
https://novel.munpia.com/482000,엄청나게 돈이 벌림,글 앤서,84 회,"999,155",장애가 아니라 재능이었다.,"19,352",#현대판타지 #투자 #회사원,https://cdn1.munpia.com/v2/files/cover/2025/0819/14/E4eHWv7cIAA
https://novel.munpia.com/436839,금륜의 마법사,글 캡틴아빠,306 회,"1,739,504",우연히 마법 상점에서 신비로운 보물과 최강의 마법 금륜(金輪)을 얻었다.,"41,730",#판타지 #현대판타지 #마법 #마법사 #동양판타지 #마나,https://cdn1.munpia.com/files/attach/2024/1209/000/HXAKRN5oAqLo4laG.jpg
https://novel.munpia.com/461234,신화시대의 괴물사냥꾼,글 병장개미,148 회,"783,738",신과 괴물이 넘쳐나는 세상을 여행하는 사냥꾼의 이야기,"38,408",#판타지 #중세,https://cdn1.munpia.com/v2/files/cover/2025/0609/19/Eyxb_8eoAAA
https://novel.munpia.com/489515,AI로 북부대공이 되었다,글 제로프리 그림/삽화 제로프리,65 회,"346,406","초지능 AI 행성 관리 시스템 '시스'

[호스트님이 저를 믿고 따라주신다면, 이곳을 대륙 최강의 영지로 만들어드리겠습니다.]

그날, 최강의 북부대공이 탄생했다.","7,050",#판타지 #퓨전 #SF #전쟁_밀리터리 #마법 #시스템 #영지 #우주 #나노머신 #성장,https://cdn1.munpia.com/v2/files/tcover/2025/0623/15/Ez4lmbDSEAA
https://novel.munpia.com/337226,1953 맨손 재벌,글 knoxk,694 회,"1,642,558","먼저 간 아내와 아들을 만나기 위해
1953년으로 회귀했다.
처음부터 재벌이 될 생각은 없었는데 사업이 흥한다.","59,403",#판타지 #현대판타지 #대체역사 #드라마 #경영 #재벌 #회귀 #사업가,https://cdn1.munpia.com/files/attach/2023/0208/003/TnYDukvpD99EYiJL.png
https://novel.munpia.com/295236,독자를 위한 연중작은 없다,글 A사과,576 회,"1,111,198","2부는 언제 시작될 지 기약 없는 1부 완결 판타지 소설에 빙의한 독자.

그는 그곳에서 살아남을 수 있을 것인가?




새로운 장난감이로구나! 자, 그럼 다시 게임을 시작하자!","76,889",#판타지 #현대판타지 #대체역사 #드라마 #경영 #재벌 #회귀 #사업가,https://cdn1.munpia.com/files/attach/2022/0822/003/xvZr4FZlhNPVsw6t.jpg
https://novel.munpia.com/461639,전설의 농사꾼이 헌터도 잘 키움,글 고요섬 그림/삽화 23:00,152 회,"709,620","주님, 오늘도 한 놈 만렙 갑니다.","20,980",#현대판타지 #게이트 #귀환 #농부 #헌터 #각성,https://cdn1.munpia.com/v2/files/cover/2025/0610/13/Ey1ZqY2pkAA
https://novel.munpia.com/461313,의사가 투자를 잘함,글 옆집고래,128 회,"749,876",갑자기 투자를 잘하게 된 천재 내과의사의 이야기,"20,582",#현대판타지 #드라마 #경영 #천재 #주식 #힐링 #의사 #투자가,https://cdn1.munpia.com/v2/files/cover/2025/0527/18/ExuUm0lpkAA
https://novel.munpia.com/490530,EX급 공중정원을 각성했다,글 린딩동,63 회,"446,158","격렬하게 아무것도 하고 싶지 않았을 때,
천국 같은 공중정원을 각성했다.","10,244",#현대판타지 #경영 #농사 #힐링,https://cdn1.munpia.com/v2/files/tcover/2025/0629/01/E0UiGPisAAA
https://novel.munpia.com/397685,총통님 미국 가신다!,글 민초냥이,455 회,"930,331","1918년의 히틀러에 빙의했다.
이렇게 된 이상 미국으로 간다!","45,776",#현대판타지 #대체역사 #전쟁_밀리터리 #경영 #빙의 #암흑가 #예능 #디자이너 #작가 #화가,https://cdn1.munpia.com/files/attach/2024/0618/001/sb29N8aEX1jVpH0h.jpg
https://novel.munpia.com/482086,삼국지: 조조의 마누라를 뺏어버렸다,글 류진호,103 회,"325,337","후한 말 최악이자 최고의 인물인 승상 조조.
그 조조의 마누라를 내가 뺏어버렸다.

삼국지 시대, 조조를 무찌르고 그가 가진 모든 것을 손에 넣은 인물이 될 것이다!","9,373",#대체역사 #삼국지 #하렘 #환생 #상남자 #코믹,https://cdn1.munpia.com/v2/files/cover/2025/0819/23/E4f9f7ScIAA
https://novel.munpia.com/447610,멸망한 세계의 유적 사냥꾼,글 킹메이커,245 회,"2,034,013","병사, 멸망한 별에서 유적을 털다.","61,555",#판타지 #현대판타지 #퓨전 #SF #던전 #생존 #서바이벌 #아포칼립스,https://cdn1.munpia.com/v2/files/cover/2025/0319/11/EsJadZUYkAA
https://novel.munpia.com/434732,딸이 생겼다. 그런데 아이돌?,글 기사영,233 회,"573,917","항상 준비하고 있어라. 예상치 못한 순간에 그때가 오니까.

어느 날, 톱 아이돌이 내 딸이란다.","18,417",#현대판타지 #드라마 #경영 #방송 #사이다 #연예계 #음모 #음악 #힐링 #아이돌,https://cdn1.munpia.com/v2/files/cover/2025/0212/17/EpWc62nNsAA
https://novel.munpia.com/457102,벼락 맞고 전성기 스트라이커,글 강로이 그림/삽화 강로이,198 회,"1,282,027",36세 노장 축구선수. 벼락 맞고 서서히 젊어진다.,"31,140",#현대판타지 #스포츠 #드라마 #사이다 #육성 #축구 #힐링 #운동선수 #검은머리 #막장,https://cdn1.munpia.com/v2/files/cover/2025/0508/15/EwLsZMspkAA
https://novel.munpia.com/472631,AI 들고 판타지 속으로,글 절필방지,124 회,"896,605","감전 사고로 다른 세상에 떨어진 재현.
막막함을 느낀 순간, 그의 눈앞에 익숙한 창 하나가 떠올랐다.
""그래도 죽으라는 법은 없구나.""","23,581",#판타지 #퓨전 #서양판타지,https://cdn1.munpia.com/v2/files/cover/2025/0730/14/E23CdnL-8AA
https://novel.munpia.com/335685,재벌집 만렙 아들,글 오소록,678 회,"5,270,616","[넌 유사 이래 최고의 행운아로 살 것이다!]
회귀한 사채왕, 재벌3세가 되었다.","129,267",#로또 #재벌 #사이다 #천재 #육성 #이능력 #투자 #회귀 #힐링 #해결사,https://cdn1.munpia.com/files/attach/2023/1201/002/sVVCqSMdDwQgoWaD.jpg
https://novel.munpia.com/469104,야인시대 공무원으로 살아남기,글 사키만자루,265 회,"670,394","나는 일제시대로 회귀했다.

친일은 선택, 공무원은 필수다.","19,424",#대체역사 #경영 #회귀 #노력가 #전문가 #가족 #결혼,https://cdn1.munpia.com/v2/files/cover/2025/0714/14/E1kpYFPggAA
https://novel.munpia.com/476367,농사하다 갤러리를 주웠다,글 귤잠꾼,114 회,"525,365","이세계에 연결된 갤러리를 주웠다.
나보고 갤러리에서 농작물을 사고 팔란다
...근데 왜 이렇게 잘 팔리지?","12,259",#판타지 #현대판타지 #농사 #힐링 #헌터,https://cdn1.munpia.com/v2/files/cover/2025/0806/12/E3anDOiggAA
https://novel.munpia.com/475776,101번째 드래프티는 야구가 너무 쉬움,글 밤카다,99 회,"892,181",드래프트 101순위 타자가 야구를 너무 잘한다.,"16,967",#현대판타지 #스포츠 #사이다 #운동선수 #노력가 #능력자 #야구,https://cdn1.munpia.com/v2/files/cover/2025/0725/12/E2cwZ_G-8AA
https://novel.munpia.com/436774,"회귀한 조선, 히데요시를 베다",글 월이.,366 회,"573,166","숨만 쉬어도 목이 달아나는 전국시대로 회귀한 역사학도.
그런데 지금 내 눈앞에 있는 저 원숭이는 누구?
이왕 이렇게 된 것, 히데요시를 벤다. 그리고 일본을 먹자.
아니 그 전에...
살아남는 것이 우선이구나!
내가 아는 역사의 흐름을 무기로, 반드시 살아남아 일본을 먹자!","31,208",#판타지 #대체역사 #전쟁_밀리터리 #전쟁 #중세 #회귀 #세계사 #조선 #계략 #군대,https://cdn1.munpia.com/v2/files/cover/2025/0102/19/EmD20ILkkAA
https://novel.munpia.com/490229,스킬 각성한 줄 모르고 구단이 방출함,글 귀율,57 회,"495,558","[귀하는 올 시즌 방출 예정자입니다.]

갑작스레 찾아온 입스로 모든 게 끝난 줄 알았던 프로 생활.

[스킬 계승을 시작합니다.]

이번엔 다를 것이다.","7,406",#현대판타지 #스포츠 #게임시스템 #천재 #운동선수 #노력가 #각성,https://cdn1.munpia.com/v2/files/cover/2025/0821/16/E4osbookMAA
